{
  "version": 3,
  "targets": {
    ".NETFramework,Version=v4.5.2": {
      "AvalonEdit/4.4.2.9744": {
        "type": "package",
        "compile": {
          "lib/Net40/_._": {}
        },
        "runtime": {
          "lib/Net40/ICSharpCode.AvalonEdit.dll": {}
        }
      },
      "ClosedXML/0.87.1": {
        "type": "package",
        "dependencies": {
          "DocumentFormat.OpenXml": "2.5.0"
        },
        "compile": {
          "lib/net40/_._": {}
        },
        "runtime": {
          "lib/net40/ClosedXML.dll": {}
        }
      },
      "CredentialManagement/1.0.2": {
        "type": "package",
        "frameworkAssemblies": [
          "CredentialManagement"
        ],
        "compile": {
          "lib/net35/_._": {}
        },
        "runtime": {
          "lib/net35/CredentialManagement.dll": {}
        }
      },
      "CsvHelper/2.13.5": {
        "type": "package",
        "compile": {
          "lib/net40-client/_._": {}
        },
        "runtime": {
          "lib/net40-client/CsvHelper.dll": {}
        }
      },
      "DocumentFormat.OpenXml/2.5.0": {
        "type": "package",
        "compile": {
          "lib/_._": {}
        },
        "runtime": {
          "lib/DocumentFormat.OpenXml.dll": {}
        }
      },
      "DocX/1.0.0.18": {
        "type": "package",
        "compile": {
          "lib/net40/_._": {}
        },
        "runtime": {
          "lib/net40/DocX.dll": {}
        }
      },
      "Fluent.Ribbon/3.5.1.198": {
        "type": "package",
        "compile": {
          "lib/net45/_._": {}
        },
        "runtime": {
          "lib/net45/Fluent.dll": {},
          "lib/net45/System.Windows.Interactivity.dll": {}
        }
      },
      "MailKit/1.2.7": {
        "type": "package",
        "dependencies": {
          "MimeKit": "1.2.7"
        },
        "frameworkAssemblies": [
          "System",
          "System.Core",
          "System.Data"
        ],
        "compile": {
          "lib/net45/_._": {}
        },
        "runtime": {
          "lib/net45/MailKit.dll": {}
        }
      },
      "Microsoft.Activities/1.0.1": {
        "type": "package",
        "compile": {
          "lib/net45/_._": {}
        },
        "runtime": {
          "lib/net45/Microsoft.Activities.Design.Services.dll": {},
          "lib/net45/Microsoft.Activities.Design.dll": {},
          "lib/net45/Microsoft.Activities.dll": {},
          "lib/net45/Microsoft.Workflow.Client.dll": {},
          "lib/net45/Microsoft.Workflow.Common.dll": {},
          "lib/net45/Microsoft.Workflow.Tracing.dll": {}
        }
      },
      "Microsoft.Activities.Extensions/2.0.6.9": {
        "type": "package",
        "frameworkAssemblies": [
          "System.Activities"
        ],
        "compile": {
          "lib/Net45/_._": {}
        },
        "runtime": {
          "lib/Net45/Microsoft.Activities.Extensions.Design.dll": {},
          "lib/Net45/Microsoft.Activities.Extensions.dll": {}
        }
      },
      "Microsoft.Exchange.WebServices/2.2.0": {
        "type": "package",
        "compile": {
          "lib/40/_._": {}
        },
        "runtime": {
          "lib/40/Microsoft.Exchange.WebServices.Auth.dll": {},
          "lib/40/Microsoft.Exchange.WebServices.dll": {}
        }
      },
      "MimeKit/1.2.7": {
        "type": "package",
        "frameworkAssemblies": [
          "System",
          "System.Core",
          "System.Data",
          "System.Security"
        ],
        "compile": {
          "lib/net45/_._": {}
        },
        "runtime": {
          "lib/net45/BouncyCastle.dll": {},
          "lib/net45/MimeKit.dll": {}
        }
      },
      "Newtonsoft.Json/8.0.3": {
        "type": "package",
        "compile": {
          "lib/net45/_._": {}
        },
        "runtime": {
          "lib/net45/Newtonsoft.Json.dll": {}
        }
      },
      "NPOI/2.2.1": {
        "type": "package",
        "dependencies": {
          "SharpZipLib": "0.86.0"
        },
        "compile": {
          "lib/net40/_._": {}
        },
        "runtime": {
          "lib/net40/NPOI.OOXML.dll": {},
          "lib/net40/NPOI.OpenXml4Net.dll": {},
          "lib/net40/NPOI.OpenXmlFormats.dll": {},
          "lib/net40/NPOI.dll": {}
        }
      },
      "OutlookActivities/1.1.1": {
        "type": "package",
        "compile": {
          "lib/_._": {}
        },
        "runtime": {
          "lib/OutlookActivity.dll": {}
        }
      },
      "RestSharp/105.0.1": {
        "type": "package",
        "compile": {
          "lib/net4/_._": {}
        },
        "runtime": {
          "lib/net4/RestSharp.dll": {}
        }
      },
      "SharpZipLib/0.86.0": {
        "type": "package",
        "compile": {
          "lib/20/_._": {}
        },
        "runtime": {
          "lib/20/ICSharpCode.SharpZipLib.dll": {}
        }
      },
      "SSH.NET/2013.4.7": {
        "type": "package",
        "compile": {
          "lib/net40/_._": {}
        },
        "runtime": {
          "lib/net40/Renci.SshNet.dll": {}
        }
      },
      "System.Net.FtpClient/1.0.5281.14359": {
        "type": "package",
        "compile": {
          "lib/net40/_._": {}
        },
        "runtime": {
          "lib/net40/System.Net.FtpClient.dll": {}
        }
      },
      "Twilio/3.6.18": {
        "type": "package",
        "dependencies": {
          "RestSharp": "(, )"
        },
        "compile": {
          "lib/3.5/_._": {}
        },
        "runtime": {
          "lib/3.5/Twilio.Api.dll": {}
        }
      },
      "Twilio.Workflow.Activities/1.0.0": {
        "type": "package",
        "dependencies": {
          "Twilio": "3.6.18"
        },
        "compile": {
          "lib/net40-Client/_._": {}
        },
        "runtime": {
          "lib/net40-Client/Twilio.Workflow.Activities.dll": {}
        }
      },
      "UiPath.Cognitive.Activities/1.0.6479.13212": {
        "type": "package",
        "dependencies": {
          "Newtonsoft.Json": "8.0.3"
        },
        "compile": {
          "lib/net45/_._": {}
        },
        "runtime": {
          "lib/net45/UiPath.Cognitive.Activities.Design.dll": {},
          "lib/net45/UiPath.Cognitive.Activities.dll": {},
          "lib/net45/UiPath.Cognitive.dll": {}
        }
      },
      "UiPath.Credentials.Activities/1.1.6479.13204": {
        "type": "package",
        "dependencies": {
          "CredentialManagement": "1.0.2"
        },
        "compile": {
          "lib/net40-client/_._": {}
        },
        "runtime": {
          "lib/net40-client/UiPath.Credentials.Activities.dll": {}
        }
      },
      "UiPath.Database.Activities/1.0.6479.13209": {
        "type": "package",
        "compile": {
          "lib/net40-Client/_._": {}
        },
        "runtime": {
          "lib/net40-Client/Microsoft.Data.ConnectionUI.Dialog.dll": {},
          "lib/net40-Client/UiPath.Database.Activities.Design.dll": {},
          "lib/net40-Client/UiPath.Database.Activities.dll": {},
          "lib/net40-Client/UiPath.Database.dll": {}
        }
      },
      "UiPath.Excel.Activities/2.0.6479.13204": {
        "type": "package",
        "dependencies": {
          "ClosedXML": "0.87.1",
          "CsvHelper": "2.13.5",
          "DocumentFormat.OpenXml": "2.5.0",
          "NPOI": "2.2.1"
        },
        "compile": {
          "lib/net40-client/_._": {}
        },
        "runtime": {
          "lib/net40-client/UiPath.Excel.Activities.Design.dll": {},
          "lib/net40-client/UiPath.Excel.Activities.dll": {},
          "lib/net40-client/UiPath.Excel.dll": {}
        }
      },
      "UiPath.Framework.Activities/1.0.5905.30080": {
        "type": "package",
        "compile": {
          "lib/net40-Client/_._": {}
        },
        "runtime": {
          "lib/net40-Client/UiPath.Framework.Activities.Design.dll": {},
          "lib/net40-Client/UiPath.Framework.Activities.dll": {}
        }
      },
      "UiPath.FTP.Activities/1.0.6479.13206": {
        "type": "package",
        "dependencies": {
          "SSH.NET": "2013.4.7",
          "System.Net.FtpClient": "1.0.5281.14359"
        },
        "compile": {
          "lib/net40/_._": {}
        },
        "runtime": {
          "lib/net40/UiPath.FTP.Activities.Design.dll": {},
          "lib/net40/UiPath.FTP.Activities.dll": {}
        }
      },
      "UiPath.Mail.Activities/1.1.6382.14550": {
        "type": "package",
        "dependencies": {
          "MailKit": "1.2.7",
          "Microsoft.Exchange.WebServices": "2.2.0"
        },
        "compile": {
          "lib/net40/_._": {}
        },
        "runtime": {
          "lib/net40/UiPath.Mail.Activities.Design.dll": {},
          "lib/net40/UiPath.Mail.Activities.dll": {},
          "lib/net40/UiPath.Mail.dll": {}
        }
      },
      "UiPath.PDF.Activities/1.0.6479.13204": {
        "type": "package",
        "compile": {
          "lib/net40-Client/_._": {}
        },
        "runtime": {
          "lib/net40-Client/UiPath.PDF.Activities.Design.dll": {},
          "lib/net40-Client/UiPath.PDF.Activities.dll": {},
          "lib/net40-Client/UiPath.PDF.dll": {}
        }
      },
      "UiPath.Platform.Activities/2.1.5992.2567": {
        "type": "package",
        "dependencies": {
          "Newtonsoft.Json": "6.0.8"
        },
        "compile": {
          "lib/net45/_._": {}
        },
        "runtime": {
          "lib/net45/UiPath.Enterprise.Activities.Design.dll": {},
          "lib/net45/UiPath.Enterprise.Activities.dll": {}
        }
      },
      "UiPath.Terminal.Activities/1.1.6464.20815": {
        "type": "package",
        "dependencies": {
          "Fluent.Ribbon": "3.5.1.198"
        },
        "compile": {
          "lib/net45/_._": {}
        },
        "runtime": {
          "lib/net45/Exceptionless.Extras.dll": {},
          "lib/net45/Exceptionless.Portable.dll": {},
          "lib/net45/Exceptionless.dll": {},
          "lib/net45/NLog.dll": {},
          "lib/net45/Open3270.dll": {},
          "lib/net45/UiPath.Terminal.Activities.Design.dll": {},
          "lib/net45/UiPath.Terminal.Activities.dll": {},
          "lib/net45/UiPath.Terminal.Attachmate.dll": {},
          "lib/net45/UiPath.Terminal.AttachmateExtra.dll": {},
          "lib/net45/UiPath.Terminal.BlueZone.dll": {},
          "lib/net45/UiPath.Terminal.Host.exe": {},
          "lib/net45/UiPath.Terminal.IBM.dll": {},
          "lib/net45/UiPath.Terminal.dll": {}
        }
      },
      "UiPath.WebAPI.Activities/1.1.6479.13209": {
        "type": "package",
        "dependencies": {
          "AvalonEdit": "4.4.2.9744",
          "Newtonsoft.Json": "8.0.3",
          "RestSharp": "105.0.1"
        },
        "compile": {
          "lib/net45/_._": {}
        },
        "runtime": {
          "lib/net45/UiPath.Web.Activities.Design.dll": {},
          "lib/net45/UiPath.Web.Activities.dll": {},
          "lib/net45/UiPath.Web.dll": {}
        }
      },
      "UiPath.Word.Activities/1.1.6479.13205": {
        "type": "package",
        "dependencies": {
          "DocX": "1.0.0.18"
        },
        "compile": {
          "lib/net40-client/_._": {}
        },
        "runtime": {
          "lib/net40-client/UiPath.Word.Activities.Design.dll": {},
          "lib/net40-client/UiPath.Word.Activities.dll": {},
          "lib/net40-client/UiPath.Word.dll": {}
        }
      }
    }
  },
  "libraries": {
    "AvalonEdit/4.4.2.9744": {
      "sha512": "x9ZFCcvEd5EhhigBMRlpn/pxIymuB2f39piwYmcsKz4YvkK02yX/XY/N/2U1WSgF44K7G88B+XOx+3vAiR2JdQ==",
      "type": "package",
      "path": "avalonedit/4.4.2.9744",
      "files": [
        ".signature.p7s",
        "avalonedit.4.4.2.9744.nupkg.sha512",
        "avalonedit.nuspec",
        "lib/Net35/ICSharpCode.AvalonEdit.dll",
        "lib/Net35/ICSharpCode.AvalonEdit.xml",
        "lib/Net40/ICSharpCode.AvalonEdit.dll",
        "lib/Net40/ICSharpCode.AvalonEdit.xml"
      ]
    },
    "ClosedXML/0.87.1": {
      "sha512": "2LC0T8bu2G2kt34C4Ig87uZfrRO4MwMVI54e2To7m3DvwAs2Z2Ir86WQuUoW8Txo1uNGSfmu3DpfpQhSX0bIww==",
      "type": "package",
      "path": "closedxml/0.87.1",
      "files": [
        "closedxml.0.87.1.nupkg.sha512",
        "closedxml.nuspec",
        "lib/net35/ClosedXML.dll",
        "lib/net35/ClosedXML.pdb",
        "lib/net35/ClosedXML.xml",
        "lib/net40/ClosedXML.dll",
        "lib/net40/ClosedXML.pdb",
        "lib/net40/ClosedXML.xml"
      ]
    },
    "CredentialManagement/1.0.2": {
      "sha512": "VkP04/jFXaxT3TkcRhzETYtOrznQxRmQ2J1XJdbXz47Bir7hIzPR7mFZk4GJQ4An4gozW+vonpf+iqTHomAkQw==",
      "type": "package",
      "path": "credentialmanagement/1.0.2",
      "files": [
        "credentialmanagement.1.0.2.nupkg.sha512",
        "credentialmanagement.nuspec",
        "lib/net35/CredentialManagement.dll"
      ]
    },
    "CsvHelper/2.13.5": {
      "sha512": "fC8DPi/YTcZ8uXFiAeuT9EpsR2TE5cSJ2jg/4tht/Oen6az/djebpYoCQEtI33RfNrSZ533SedOknlWtUTX3fw==",
      "type": "package",
      "path": "csvhelper/2.13.5",
      "files": [
        "csvhelper.2.13.5.nupkg.sha512",
        "csvhelper.nuspec",
        "lib/net20/CsvHelper.dll",
        "lib/net20/CsvHelper.pdb",
        "lib/net20/CsvHelper.xml",
        "lib/net35-client/CsvHelper.dll",
        "lib/net35-client/CsvHelper.pdb",
        "lib/net35-client/CsvHelper.xml",
        "lib/net40-client/CsvHelper.dll",
        "lib/net40-client/CsvHelper.pdb",
        "lib/net40-client/CsvHelper.xml",
        "lib/portable-net40+sl5+win8+wpa+wp8/CsvHelper.dll",
        "lib/portable-net40+sl5+win8+wpa+wp8/CsvHelper.pdb",
        "lib/portable-net40+sl5+win8+wpa+wp8/CsvHelper.xml"
      ]
    },
    "DocumentFormat.OpenXml/2.5.0": {
      "sha512": "H5jnox0hcLwzAjrpNqDPIItjh7dplF1kk1z8LatpI2h75wBgps1MepEttJFKs7xedQReCMHA0tGpNI0H2B+Mrg==",
      "type": "package",
      "path": "documentformat.openxml/2.5.0",
      "files": [
        "documentformat.openxml.2.5.0.nupkg.sha512",
        "documentformat.openxml.nuspec",
        "lib/DocumentFormat.OpenXml.dll"
      ]
    },
    "DocX/1.0.0.18": {
      "sha512": "8E2yyGRmhitJ73wlO/dvMKcOktVY7fgGiFO3h/u3FvvcQBnUX+tDYtFekr82eF9g2sAQfEqc1nZAvjeinqHv4g==",
      "type": "package",
      "path": "docx/1.0.0.18",
      "files": [
        "docx.1.0.0.18.nupkg.sha512",
        "docx.nuspec",
        "lib/net40/DocX.dll"
      ]
    },
    "Fluent.Ribbon/3.5.1.198": {
      "sha512": "Ix4NJKGVHqeI1PeF1PB6as5L7qRx2hyPiXg+iNJfjru33rRlAthWlyUTS4HJEajWPxCJfIaVWx5gPdBE7nVJlQ==",
      "type": "package",
      "path": "fluent.ribbon/3.5.1.198",
      "files": [
        "fluent.ribbon.3.5.1.198.nupkg.sha512",
        "fluent.ribbon.nuspec",
        "lib/net40/Fluent.XML",
        "lib/net40/Fluent.dll",
        "lib/net40/Fluent.pdb",
        "lib/net40/Microsoft.Windows.Shell.dll",
        "lib/net40/System.Windows.Interactivity.dll",
        "lib/net45/Fluent.XML",
        "lib/net45/Fluent.dll",
        "lib/net45/Fluent.pdb",
        "lib/net45/System.Windows.Interactivity.dll"
      ]
    },
    "MailKit/1.2.7": {
      "sha512": "2SPj0XubjwVDwJA5rLndZLTVNzRjTi+apQ5zC8hY990FPzzbnF2mxapPWKUIL8y3AFzbc5cahqphS6+sVACtrQ==",
      "type": "package",
      "path": "mailkit/1.2.7",
      "files": [
        "lib/MonoAndroid/MailKit.dll",
        "lib/MonoAndroid/MailKit.xml",
        "lib/net40/MailKit.dll",
        "lib/net40/MailKit.xml",
        "lib/net45/MailKit.dll",
        "lib/net45/MailKit.xml",
        "lib/portable-netcore451+wpa81/MailKit.dll",
        "lib/portable-netcore451+wpa81/MailKit.xml",
        "lib/wpa81/MailKit.dll",
        "lib/wpa81/MailKit.xml",
        "lib/xamarinios10/MailKit.dll",
        "lib/xamarinios10/MailKit.xml",
        "mailkit.1.2.7.nupkg.sha512",
        "mailkit.nuspec"
      ]
    },
    "Microsoft.Activities/1.0.1": {
      "sha512": "jkwJR/MMdyLol9wkIXkbpcCu8AUAJte7UZM6IcoeOnrX8cNgHppt6IawNfkhGqQs6ulTklBuZ2DjLj1/154iUA==",
      "type": "package",
      "path": "microsoft.activities/1.0.1",
      "files": [
        "lib/net45/Microsoft.Activities.Design.Services.dll",
        "lib/net45/Microsoft.Activities.Design.dll",
        "lib/net45/Microsoft.Activities.Design.xml",
        "lib/net45/Microsoft.Activities.dll",
        "lib/net45/Microsoft.Activities.xml",
        "lib/net45/Microsoft.Workflow.Client.dll",
        "lib/net45/Microsoft.Workflow.Client.xml",
        "lib/net45/Microsoft.Workflow.Common.dll",
        "lib/net45/Microsoft.Workflow.Tracing.dll",
        "microsoft.activities.1.0.1.nupkg.sha512",
        "microsoft.activities.nuspec"
      ]
    },
    "Microsoft.Activities.Extensions/2.0.6.9": {
      "sha512": "yGwK3gYUzzGIzgybBtXsCbcWIj+Dv+gadnaWkmG0WpBs22AV8ZS7deFhAb2pznDoGz0Pj4M7Tt9RwK9VrNzf4A==",
      "type": "package",
      "path": "microsoft.activities.extensions/2.0.6.9",
      "files": [
        "help/Microsoft.Activities.Extensions Documentation.chm",
        "lib/Net40/Microsoft.Activities.Extensions.Design.dll",
        "lib/Net40/Microsoft.Activities.Extensions.dll",
        "lib/Net401/Microsoft.Activities.Extensions.Design.dll",
        "lib/Net401/Microsoft.Activities.Extensions.dll",
        "lib/Net45/Microsoft.Activities.Extensions.Design.dll",
        "lib/Net45/Microsoft.Activities.Extensions.dll",
        "microsoft.activities.extensions.2.0.6.9.nupkg.sha512",
        "microsoft.activities.extensions.nuspec",
        "tools/Microsoft.Activities.Extensions.NuGet.dll",
        "tools/install.ps1",
        "tools/uninstall.ps1"
      ]
    },
    "Microsoft.Exchange.WebServices/2.2.0": {
      "sha512": "NlkaTD0uWtg9VbiWq0VDWMBPzHFknH3tmstrxt0acrT09LBGqATTjRpsGOODz6tUdX7/dehBinxsf75U5Uw/+A==",
      "type": "package",
      "path": "microsoft.exchange.webservices/2.2.0",
      "files": [
        "doc/License Terms.rtf",
        "doc/README.htm",
        "doc/Redist.txt",
        "lib/40/Microsoft.Exchange.WebServices.Auth.dll",
        "lib/40/Microsoft.Exchange.WebServices.Auth.pdb",
        "lib/40/Microsoft.Exchange.WebServices.Auth.xml",
        "lib/40/Microsoft.Exchange.WebServices.dll",
        "lib/40/Microsoft.Exchange.WebServices.pdb",
        "lib/40/Microsoft.Exchange.WebServices.xml",
        "microsoft.exchange.webservices.2.2.0.nupkg.sha512",
        "microsoft.exchange.webservices.nuspec"
      ]
    },
    "MimeKit/1.2.7": {
      "sha512": "FJoYZMtgSfs5QVgeQobOvTD5fEwNriJ7/Zr9HY1dAThXEHp4q+59a82f1NeE6MhluFDSb4JMQHURxG9toyBS9A==",
      "type": "package",
      "path": "mimekit/1.2.7",
      "files": [
        "lib/MonoAndroid/BouncyCastle.dll",
        "lib/MonoAndroid/MimeKit.dll",
        "lib/MonoAndroid/MimeKit.xml",
        "lib/net35/BouncyCastle.dll",
        "lib/net35/BouncyCastle.xml",
        "lib/net35/MimeKit.dll",
        "lib/net35/MimeKit.xml",
        "lib/net40/BouncyCastle.dll",
        "lib/net40/BouncyCastle.xml",
        "lib/net40/MimeKit.dll",
        "lib/net40/MimeKit.xml",
        "lib/net45/BouncyCastle.dll",
        "lib/net45/BouncyCastle.xml",
        "lib/net45/MimeKit.dll",
        "lib/net45/MimeKit.xml",
        "lib/portable-net45+win+wp80+MonoAndroid10+xamarinios10+MonoTouch10/MimeKit.dll",
        "lib/portable-net45+win+wp80+MonoAndroid10+xamarinios10+MonoTouch10/MimeKit.xml",
        "lib/portable-net45+win+wp80+MonoAndroid10+xamarinios10+MonoTouch10/Portable.Text.Encoding.dll",
        "lib/wpa81/MimeKit.dll",
        "lib/wpa81/MimeKit.xml",
        "lib/wpa81/Portable.Text.Encoding.dll",
        "lib/xamarinios10/BouncyCastle.dll",
        "lib/xamarinios10/MimeKit.dll",
        "lib/xamarinios10/MimeKit.xml",
        "mimekit.1.2.7.nupkg.sha512",
        "mimekit.nuspec"
      ]
    },
    "Newtonsoft.Json/8.0.3": {
      "sha512": "KGsYQdS2zLH+H8x2cZaSI7e+YZ4SFIbyy1YJQYl6GYBWjf5o4H1A68nxyq+WTyVSOJQ4GqS/DiPE+UseUizgMg==",
      "type": "package",
      "path": "newtonsoft.json/8.0.3",
      "files": [
        "lib/net20/Newtonsoft.Json.dll",
        "lib/net20/Newtonsoft.Json.xml",
        "lib/net35/Newtonsoft.Json.dll",
        "lib/net35/Newtonsoft.Json.xml",
        "lib/net40/Newtonsoft.Json.dll",
        "lib/net40/Newtonsoft.Json.xml",
        "lib/net45/Newtonsoft.Json.dll",
        "lib/net45/Newtonsoft.Json.xml",
        "lib/portable-net40+sl5+wp80+win8+wpa81/Newtonsoft.Json.dll",
        "lib/portable-net40+sl5+wp80+win8+wpa81/Newtonsoft.Json.xml",
        "lib/portable-net45+wp80+win8+wpa81+dnxcore50/Newtonsoft.Json.dll",
        "lib/portable-net45+wp80+win8+wpa81+dnxcore50/Newtonsoft.Json.xml",
        "newtonsoft.json.8.0.3.nupkg.sha512",
        "newtonsoft.json.nuspec",
        "tools/install.ps1"
      ]
    },
    "NPOI/2.2.1": {
      "sha512": "esdT/yuODxuYCmqcbQ+6DDpAmPbVcJylgpA4leQZOfUcESbD8vYXEDtCTg4AKlWJIPHcbDnxlAtQxMEVw621Mw==",
      "type": "package",
      "path": "npoi/2.2.1",
      "files": [
        "LICENSE",
        "Read Me.txt",
        "Release Notes.txt",
        "lib/net20/NPOI.OOXML.dll",
        "lib/net20/NPOI.OpenXml4Net.dll",
        "lib/net20/NPOI.OpenXmlFormats.dll",
        "lib/net20/NPOI.XML",
        "lib/net20/NPOI.dll",
        "lib/net40/NPOI.OOXML.dll",
        "lib/net40/NPOI.OpenXml4Net.dll",
        "lib/net40/NPOI.OpenXmlFormats.dll",
        "lib/net40/NPOI.XML",
        "lib/net40/NPOI.dll",
        "logo/120_120.jpg",
        "logo/240_240.png",
        "logo/32_32.jpg",
        "logo/60_60.jpg",
        "npoi.2.2.1.nupkg.sha512",
        "npoi.nuspec"
      ]
    },
    "OutlookActivities/1.1.1": {
      "sha512": "JDKGo6IaLrIz02Vfx0PIG6vUED6TrXEB8JlfRHXrUMHf0oXsrttVbQIPaPZY5JDtc2vP1hjmped3DK7xW6RtUg==",
      "type": "package",
      "path": "outlookactivities/1.1.1",
      "files": [
        "lib/OutlookActivity.dll",
        "outlookactivities.1.1.1.nupkg.sha512",
        "outlookactivities.nuspec"
      ]
    },
    "RestSharp/105.0.1": {
      "sha512": "2jEivNmSZFsK/iyoOu0l9+pEM2hXLQCvOQdLgQcr92cdnirl2xm+Wddy7lP6JTwZSLjAQ1ogHlal1tLu5hfZPw==",
      "type": "package",
      "path": "restsharp/105.0.1",
      "files": [
        "lib/net35-client/RestSharp.dll",
        "lib/net35-client/RestSharp.xml",
        "lib/net35/RestSharp.dll",
        "lib/net35/RestSharp.xml",
        "lib/net4-client/RestSharp.dll",
        "lib/net4-client/RestSharp.xml",
        "lib/net4/RestSharp.dll",
        "lib/net4/RestSharp.xml",
        "lib/sl4-wp71/RestSharp.WindowsPhone.dll",
        "lib/sl4-wp71/RestSharp.WindowsPhone.xml",
        "lib/sl4/RestSharp.Silverlight.dll",
        "lib/sl4/RestSharp.Silverlight.xml",
        "readme.txt",
        "restsharp.105.0.1.nupkg.sha512",
        "restsharp.nuspec"
      ]
    },
    "SharpZipLib/0.86.0": {
      "sha512": "5DbS1SlKLMi+WG00Cm0ueYf2oyXJrowETQk8nx96rmdjTuHsA3laPykGV7Sxi0R5Xxfx0Kh/EfacAZ1f6M7y/g==",
      "type": "package",
      "path": "sharpziplib/0.86.0",
      "files": [
        "lib/11/ICSharpCode.SharpZipLib.dll",
        "lib/20/ICSharpCode.SharpZipLib.dll",
        "lib/SL3/SharpZipLib.Silverlight3.dll",
        "lib/SL4/SharpZipLib.Silverlight4.dll",
        "sharpziplib.0.86.0.nupkg.sha512",
        "sharpziplib.nuspec"
      ]
    },
    "SSH.NET/2013.4.7": {
      "sha512": "rfwoGFYG6P58FZp5SlSrnEYjWfHaLZ13zEDNZhnaP/FHGaCuLphO1eh1IMazu/XxaxVhDrfAsTuRO2L6mTSK6w==",
      "type": "package",
      "path": "ssh.net/2013.4.7",
      "files": [
        "lib/net35/Renci.SshNet.XML",
        "lib/net35/Renci.SshNet.dll",
        "lib/net40/Renci.SshNet.dll",
        "lib/net40/Renci.SshNet.xml",
        "lib/sl3-wp/Renci.SshNet.WindowsPhone.XML",
        "lib/sl3-wp/Renci.SshNet.WindowsPhone.dll",
        "lib/sl40/Renci.SshNet.Silverlight.XML",
        "lib/sl40/Renci.SshNet.Silverlight.dll",
        "lib/sl50/Renci.SshNet.Silverlight.XML",
        "lib/sl50/Renci.SshNet.Silverlight.dll",
        "lib/wp8/Renci.SshNet.WindowsPhone.XML",
        "lib/wp8/Renci.SshNet.WindowsPhone.dll",
        "ssh.net.2013.4.7.nupkg.sha512",
        "ssh.net.nuspec"
      ]
    },
    "System.Net.FtpClient/1.0.5281.14359": {
      "sha512": "9YJj4geheYpxUOrkenZ3EJEVXw81aZqqJdkkSR1h2NprOeaklEs07rh7LmNaLeIgEbS98cm7vCdJLBkY9Xaw6g==",
      "type": "package",
      "path": "system.net.ftpclient/1.0.5281.14359",
      "files": [
        "LICENSE.TXT",
        "examples/AssemblyInfo.cs",
        "examples/BeginConnect.cs",
        "examples/BeginCreateDirectory.cs",
        "examples/BeginDeleteDirectory.cs",
        "examples/BeginDeleteFile.cs",
        "examples/BeginDereferenceLink.cs",
        "examples/BeginDirectoryExists.cs",
        "examples/BeginDisconnect.cs",
        "examples/BeginExecute.cs",
        "examples/BeginFileExists.cs",
        "examples/BeginGetFileSize.cs",
        "examples/BeginGetListing.cs",
        "examples/BeginGetModifiedTime.cs",
        "examples/BeginGetNameListing.cs",
        "examples/BeginGetWorkingDirectory.cs",
        "examples/BeginOpenAppend.cs",
        "examples/BeginOpenRead.cs",
        "examples/BeginOpenWrite.cs",
        "examples/BeginRename.cs",
        "examples/BeginSetWorkingDirectory.cs",
        "examples/Connect.cs",
        "examples/CreateDirectory.cs",
        "examples/CustomParser.cs",
        "examples/Debug.cs",
        "examples/DeleteDirectory.cs",
        "examples/DeleteFile.cs",
        "examples/DereferenceLink.cs",
        "examples/DirectoryExists.cs",
        "examples/Examples.csproj",
        "examples/Execute.cs",
        "examples/Extensions.cs",
        "examples/FileExists.cs",
        "examples/GetChecksum.cs",
        "examples/GetFileSize.cs",
        "examples/GetHash.cs",
        "examples/GetHashAlgorithm.cs",
        "examples/GetListing.cs",
        "examples/GetModifiedTime.cs",
        "examples/GetNameListing.cs",
        "examples/GetWorkingDirectory.cs",
        "examples/Main.cs",
        "examples/OpenAppend.cs",
        "examples/OpenAppendURI.cs",
        "examples/OpenRead.cs",
        "examples/OpenReadURI.cs",
        "examples/OpenWrite.cs",
        "examples/OpenWriteURI.cs",
        "examples/Rename.cs",
        "examples/SetHashAlgorithm.cs",
        "examples/SetWorkingDirectory.cs",
        "examples/ValidateCertificate.cs",
        "lib/net40/System.Net.FtpClient.XML",
        "lib/net40/System.Net.FtpClient.dll",
        "source/AssemblyInfo.cs",
        "source/Extensions/GetChecksum.cs",
        "source/Extensions/MD5.cs",
        "source/Extensions/XCRC.cs",
        "source/Extensions/XMD5.cs",
        "source/Extensions/XSHA1.cs",
        "source/Extensions/XSHA256.cs",
        "source/Extensions/XSHA512.cs",
        "source/FtpClient.cs",
        "source/FtpDataStream.cs",
        "source/FtpEnums.cs",
        "source/FtpExceptions.cs",
        "source/FtpExtensionAttribute.cs",
        "source/FtpExtensions.cs",
        "source/FtpHash.cs",
        "source/FtpListItem.cs",
        "source/FtpReply.cs",
        "source/FtpSocketStream.cs",
        "source/FtpTrace.cs",
        "source/IFtpClient.cs",
        "source/IFtpListItem.cs",
        "source/IFtpReply.cs",
        "source/System.Net.FtpClient.NET2.csproj",
        "source/System.Net.FtpClient.csproj",
        "system.net.ftpclient.1.0.5281.14359.nupkg.sha512",
        "system.net.ftpclient.nuspec"
      ]
    },
    "Twilio/3.6.18": {
      "sha512": "VJRieq90/Y252qOHZZekK7ogdYBwRw10IIJKZprUghnWnrCJ4tTCog8Ga16ZzEWglcCVjB3SU/Ex4EK3bCOsDA==",
      "type": "package",
      "path": "twilio/3.6.18",
      "files": [
        "lib/3.5/Twilio.Api.dll",
        "lib/3.5/Twilio.Api.pdb",
        "lib/3.5/Twilio.Api.xml",
        "lib/SL4-WINDOWSPHONE71/Twilio.Api.WindowsPhone.dll",
        "lib/SL4-WINDOWSPHONE71/Twilio.Api.WindowsPhone.pdb",
        "lib/SL4-WINDOWSPHONE71/Twilio.Api.WindowsPhone.xml",
        "lib/SL4/Twilio.Api.Silverlight.dll",
        "lib/SL4/Twilio.Api.Silverlight.pdb",
        "lib/SL4/Twilio.Api.Silverlight.xml",
        "twilio.3.6.18.nupkg.sha512",
        "twilio.nuspec"
      ]
    },
    "Twilio.Workflow.Activities/1.0.0": {
      "sha512": "owSPSZNLhK28gNCMrJfsoRjDsc6KvHq2Ng0CF+XF7pZjDzEkEAnl6+NtL63zx2WTDWfdMGxVNuWlMmEU/eseiA==",
      "type": "package",
      "path": "twilio.workflow.activities/1.0.0",
      "files": [
        "lib/net40-Client/Twilio.Workflow.Activities.dll",
        "twilio.workflow.activities.1.0.0.nupkg.sha512",
        "twilio.workflow.activities.nuspec"
      ]
    },
    "UiPath.Cognitive.Activities/1.0.6479.13212": {
      "sha512": "uMB+9/RBKkYKWYJi0IkC8dCuFLXrky619uhWW62gbdZUf6gKUTaP4Q1tR/l1oX4vKleQMSfI1qvo4mMZRWLuNg==",
      "type": "package",
      "path": "uipath.cognitive.activities/1.0.6479.13212",
      "files": [
        "lib/net45/UiPath.Cognitive.Activities.Design.dll",
        "lib/net45/UiPath.Cognitive.Activities.dll",
        "lib/net45/UiPath.Cognitive.dll",
        "uipath.cognitive.activities.1.0.6479.13212.nupkg.sha512",
        "uipath.cognitive.activities.nuspec"
      ]
    },
    "UiPath.Credentials.Activities/1.1.6479.13204": {
      "sha512": "2C7e17Lk1G6QenZQwA5q0DETGdAb9K34p6SqPcAOdHHyr+BtYSWLWhXn+zNlMF8ZCr51pHCiBPNp33nok2B3Qw==",
      "type": "package",
      "path": "uipath.credentials.activities/1.1.6479.13204",
      "files": [
        "lib/net40-client/UiPath.Credentials.Activities.dll",
        "uipath.credentials.activities.1.1.6479.13204.nupkg.sha512",
        "uipath.credentials.activities.nuspec"
      ]
    },
    "UiPath.Database.Activities/1.0.6479.13209": {
      "sha512": "Bh3xKFO7tqm9xcIpX/GiFpopbXOgzBgKDCaeVoD1cr90q5VDqdeou/J0jDHGiYZATYl3f/7tvP3XW96qSKGR7Q==",
      "type": "package",
      "path": "uipath.database.activities/1.0.6479.13209",
      "files": [
        "lib/net40-Client/Microsoft.Data.ConnectionUI.Dialog.dll",
        "lib/net40-Client/UiPath.Database.Activities.Design.dll",
        "lib/net40-Client/UiPath.Database.Activities.dll",
        "lib/net40-Client/UiPath.Database.dll",
        "uipath.database.activities.1.0.6479.13209.nupkg.sha512",
        "uipath.database.activities.nuspec"
      ]
    },
    "UiPath.Excel.Activities/2.0.6479.13204": {
      "sha512": "RKTZiAEJQaWapgThpkMHSBtapca/rMqPsbEJgynokUBG2Eq41qQwx8yk92DnEWeJ5F2Y2ZdXiE0Oz5SSWdf9eg==",
      "type": "package",
      "path": "uipath.excel.activities/2.0.6479.13204",
      "files": [
        "lib/net40-client/UiPath.Excel.Activities.Design.dll",
        "lib/net40-client/UiPath.Excel.Activities.dll",
        "lib/net40-client/UiPath.Excel.dll",
        "uipath.excel.activities.2.0.6479.13204.nupkg.sha512",
        "uipath.excel.activities.nuspec"
      ]
    },
    "UiPath.Framework.Activities/1.0.5905.30080": {
      "sha512": "jRa40jra1xdNsyHl/Rh3RrVkxSUr7Wb5ul3hLudtb5PYrLNyB39wAxNVpuAjS89hrMZmU1IC30GnVowur1E5zA==",
      "type": "package",
      "path": "uipath.framework.activities/1.0.5905.30080",
      "files": [
        "lib/net40-Client/UiPath.Framework.Activities.Design.dll",
        "lib/net40-Client/UiPath.Framework.Activities.dll",
        "uipath.framework.activities.1.0.5905.30080.nupkg.sha512",
        "uipath.framework.activities.nuspec"
      ]
    },
    "UiPath.FTP.Activities/1.0.6479.13206": {
      "sha512": "nXHHWEbQlNoNrBwzShqk7f5HRPsfuM5w+fRMbY168FSU0keKkQbAgReqfGvElcKqb+VkKH+XxvDyGX4SQLdfLg==",
      "type": "package",
      "path": "uipath.ftp.activities/1.0.6479.13206",
      "files": [
        "lib/net40/UiPath.FTP.Activities.Design.dll",
        "lib/net40/UiPath.FTP.Activities.dll",
        "uipath.ftp.activities.1.0.6479.13206.nupkg.sha512",
        "uipath.ftp.activities.nuspec"
      ]
    },
    "UiPath.Mail.Activities/1.1.6382.14550": {
      "sha512": "VhUNISmo/degAWUHyzMDk77/iBLa8LKBw7HuCrRS/iozF3qct/Rp5E63rjoJh5wiJ8wcwf4h0y/XIHWx4gUVxQ==",
      "type": "package",
      "path": "uipath.mail.activities/1.1.6382.14550",
      "files": [
        "lib/net40/UiPath.Mail.Activities.Design.dll",
        "lib/net40/UiPath.Mail.Activities.dll",
        "lib/net40/UiPath.Mail.dll",
        "uipath.mail.activities.1.1.6382.14550.nupkg.sha512",
        "uipath.mail.activities.nuspec"
      ]
    },
    "UiPath.PDF.Activities/1.0.6479.13204": {
      "sha512": "JVWBjHPhhoCI5Wttvd2AdlXXSocQ5q7qcZSJ2E2k7BiSn1p7ZaSxmktXpTy8cRkPowh2lcL1BvZXA68K+4+hbw==",
      "type": "package",
      "path": "uipath.pdf.activities/1.0.6479.13204",
      "files": [
        "lib/net40-Client/UiPath.PDF.Activities.Design.dll",
        "lib/net40-Client/UiPath.PDF.Activities.dll",
        "lib/net40-Client/UiPath.PDF.dll",
        "lib/net40-Client/x86/pdfium.dll",
        "uipath.pdf.activities.1.0.6479.13204.nupkg.sha512",
        "uipath.pdf.activities.nuspec"
      ]
    },
    "UiPath.Platform.Activities/2.1.5992.2567": {
      "sha512": "cTUBlcaM6b9aPrz/kAB70kir6JXVX8q/Phpl/j+paszmJSL2wgGJXWJG6gBvu3Gv+8NCYEf/cWrGvnhzDu05Sg==",
      "type": "package",
      "path": "uipath.platform.activities/2.1.5992.2567",
      "files": [
        "lib/net45/UiPath.Enterprise.Activities.Design.dll",
        "lib/net45/UiPath.Enterprise.Activities.dll",
        "uipath.platform.activities.2.1.5992.2567.nupkg.sha512",
        "uipath.platform.activities.nuspec"
      ]
    },
    "UiPath.Terminal.Activities/1.1.6464.20815": {
      "sha512": "j31ADxBmpg3ua9uJO02Pa8VaPTCC7WYxkL2xdfBYfTpdHCTzdBFs7N1vHyOPUzwbMH++hIQJBwLJlK5p+WxYug==",
      "type": "package",
      "path": "uipath.terminal.activities/1.1.6464.20815",
      "files": [
        "lib/net45/Exceptionless.Extras.dll",
        "lib/net45/Exceptionless.Portable.dll",
        "lib/net45/Exceptionless.dll",
        "lib/net45/NLog.config",
        "lib/net45/NLog.dll",
        "lib/net45/Open3270.dll",
        "lib/net45/UiPath.Terminal.Activities.Design.dll",
        "lib/net45/UiPath.Terminal.Activities.dll",
        "lib/net45/UiPath.Terminal.Attachmate.dll",
        "lib/net45/UiPath.Terminal.AttachmateExtra.dll",
        "lib/net45/UiPath.Terminal.BlueZone.dll",
        "lib/net45/UiPath.Terminal.Host.exe",
        "lib/net45/UiPath.Terminal.Host.exe.config",
        "lib/net45/UiPath.Terminal.IBM.dll",
        "lib/net45/UiPath.Terminal.dll",
        "lib/net45/UiPath.Terminal.dll.config",
        "uipath.terminal.activities.1.1.6464.20815.nupkg.sha512",
        "uipath.terminal.activities.nuspec"
      ]
    },
    "UiPath.WebAPI.Activities/1.1.6479.13209": {
      "sha512": "BCku8iHL2Dd5VyTTMjVGTcoiHu9AMo3fueLtCRCl0td78hZvz3Jk8V11cgqcdOW5SUv6jR2l9soAmU8QJEy6Zg==",
      "type": "package",
      "path": "uipath.webapi.activities/1.1.6479.13209",
      "files": [
        "lib/net45/UiPath.Web.Activities.Design.dll",
        "lib/net45/UiPath.Web.Activities.dll",
        "lib/net45/UiPath.Web.dll",
        "uipath.webapi.activities.1.1.6479.13209.nupkg.sha512",
        "uipath.webapi.activities.nuspec"
      ]
    },
    "UiPath.Word.Activities/1.1.6479.13205": {
      "sha512": "MvbpztbLzOS9kACuLy31pYuqCaHtDWYWgl9gpcMSIZLGu6D1b8dLI8dYgQP1BglNo2pEFYpq9Sm8AqVEqV7uqA==",
      "type": "package",
      "path": "uipath.word.activities/1.1.6479.13205",
      "files": [
        "lib/net40-client/UiPath.Word.Activities.Design.dll",
        "lib/net40-client/UiPath.Word.Activities.dll",
        "lib/net40-client/UiPath.Word.dll",
        "uipath.word.activities.1.1.6479.13205.nupkg.sha512",
        "uipath.word.activities.nuspec"
      ]
    }
  },
  "projectFileDependencyGroups": {
    "": [],
    ".NETFramework,Version=v4.5.2": [
      "Microsoft.Activities >= 1.0.1",
      "Microsoft.Activities.Extensions >= 2.0.6.9",
      "OutlookActivities >= 1.1.1",
      "Twilio.Workflow.Activities >= 1.0.0",
      "UiPath.Cognitive.Activities >= 1.0.6479.13212",
      "UiPath.Credentials.Activities >= 1.1.6479.13204",
      "UiPath.Database.Activities >= 1.0.6479.13209",
      "UiPath.Excel.Activities >= 2.0.6479.13204",
      "UiPath.FTP.Activities >= 1.0.6479.13206",
      "UiPath.Framework.Activities >= 1.0.5905.30080",
      "UiPath.Mail.Activities >= 1.1.6382.14550",
      "UiPath.PDF.Activities >= 1.0.6479.13204",
      "UiPath.Platform.Activities >= 2.1.5992.2567",
      "UiPath.Terminal.Activities >= 1.1.6464.20815",
      "UiPath.WebAPI.Activities >= 1.1.6479.13209",
      "UiPath.Word.Activities >= 1.1.6479.13205"
    ]
  },
  "packageFolders": {
    "C:\\Users\\inlog.robot\\.nuget\\packages\\": {}
  },
  "project": {
    "restore": {
      "projectUniqueName": "REF_Proc02_FichasTecnicas",
      "projectName": "REF_Proc02_FichasTecnicas",
      "projectPath": "C:\\Users\\inlog.robot\\Documents\\UiPath\\REF_Proc02_FichasTecnicas",
      "packagesPath": "C:\\Users\\inlog.robot\\.nuget\\packages\\",
      "outputPath": "C:\\Users\\inlog.robot\\Documents\\UiPath\\REF_Proc02_FichasTecnicas"
    },
    "frameworks": {
      "net452": {
        "dependencies": {
          "Microsoft.Activities": {
            "include": "Runtime",
            "target": "Package",
            "version": "[1.0.1, )"
          },
          "Microsoft.Activities.Extensions": {
            "include": "Runtime",
            "target": "Package",
            "version": "[2.0.6.9, )"
          },
          "OutlookActivities": {
            "include": "Runtime",
            "target": "Package",
            "version": "[1.1.1, )"
          },
          "Twilio.Workflow.Activities": {
            "include": "Runtime",
            "target": "Package",
            "version": "[1.0.0, )"
          },
          "UiPath.Cognitive.Activities": {
            "include": "Runtime",
            "target": "Package",
            "version": "[1.0.6479.13212, )"
          },
          "UiPath.Credentials.Activities": {
            "include": "Runtime",
            "target": "Package",
            "version": "[1.1.6479.13204, )"
          },
          "UiPath.Database.Activities": {
            "include": "Runtime",
            "target": "Package",
            "version": "[1.0.6479.13209, )"
          },
          "UiPath.Excel.Activities": {
            "include": "Runtime",
            "target": "Package",
            "version": "[2.0.6479.13204, )"
          },
          "UiPath.FTP.Activities": {
            "include": "Runtime",
            "target": "Package",
            "version": "[1.0.6479.13206, )"
          },
          "UiPath.Framework.Activities": {
            "include": "Runtime",
            "target": "Package",
            "version": "[1.0.5905.30080, )"
          },
          "UiPath.Mail.Activities": {
            "include": "Runtime",
            "target": "Package",
            "version": "[1.1.6382.14550, )"
          },
          "UiPath.PDF.Activities": {
            "include": "Runtime",
            "target": "Package",
            "version": "[1.0.6479.13204, )"
          },
          "UiPath.Platform.Activities": {
            "include": "Runtime",
            "target": "Package",
            "version": "[2.1.5992.2567, )"
          },
          "UiPath.Terminal.Activities": {
            "include": "Runtime",
            "target": "Package",
            "version": "[1.1.6464.20815, )"
          },
          "UiPath.WebAPI.Activities": {
            "include": "Runtime",
            "target": "Package",
            "version": "[1.1.6479.13209, )"
          },
          "UiPath.Word.Activities": {
            "include": "Runtime",
            "target": "Package",
            "version": "[1.1.6479.13205, )"
          }
        }
      }
    }
  },
  "logs": [
    {
      "code": "NU1602",
      "level": "Warning",
      "warningLevel": 1,
      "message": "Twilio 3.6.18 does not provide an inclusive lower bound for dependency RestSharp. An approximate best match of RestSharp 100.3.0 was resolved.",
      "libraryId": "RestSharp",
      "targetGraphs": [
        ".NETFramework,Version=v4.5.2"
      ]
    }
  ]
}